uniqueid,gene,mutation,drug,prediction,catalogue_name,evidence,catalogue_version,prediction_values
final,embB,N644I,EMB,U,WHO-UCN-GTB-PCI-2023.5,"{'Observed_samples': {'Present_SOLO_SR': 1, 'Present_SOLO_R': 1, 'Present_SOLO_S': 0}, 'Additional grading criteria applied': None, 'FINAL CONFIDENCE GRADING': '3) Uncertain significance', 'INITIAL CONFIDENCE GRADING': '3) Uncertain significance', 'WHO HGVS': 'embB_p.Asn644Ile'}",2.0,RFUS
final,fgd1,F320F,DLM,S,WHO-UCN-GTB-PCI-2023.5,{'reporting_rule': 'True'},2.0,RFUS
final,gid,A205A,STM,S,WHO-UCN-GTB-PCI-2023.5,{'reporting_rule': 'True'},2.0,RFUS
final,gyrA,E21Q,LEV,S,WHO-UCN-GTB-PCI-2023.5,"{'Observed_samples': {'Present_SOLO_SR': 1585, 'Present_SOLO_R': 42, 'Present_SOLO_S': 1543}, 'Additional grading criteria applied': None, 'FINAL CONFIDENCE GRADING': '5) Not assoc w R', 'INITIAL CONFIDENCE GRADING': '5) Not assoc w R', 'WHO HGVS': 'gyrA_p.Glu21Gln'}",2.0,RFUS
final,gyrA,E21Q,MXF,S,WHO-UCN-GTB-PCI-2023.5,"{'Observed_samples': {'Present_SOLO_SR': 1170, 'Present_SOLO_R': 22, 'Present_SOLO_S': 1148}, 'Additional grading criteria applied': None, 'FINAL CONFIDENCE GRADING': '5) Not assoc w R', 'INITIAL CONFIDENCE GRADING': '5) Not assoc w R', 'WHO HGVS': 'gyrA_p.Glu21Gln'}",2.0,RFUS
final,gyrA,G668D,LEV,S,WHO-UCN-GTB-PCI-2023.5,"{'Observed_samples': {'Present_SOLO_SR': 19, 'Present_SOLO_R': 7, 'Present_SOLO_S': 12}, 'Additional grading criteria applied': None, 'FINAL CONFIDENCE GRADING': '5) Not assoc w R', 'INITIAL CONFIDENCE GRADING': '5) Not assoc w R', 'WHO HGVS': 'gyrA_p.Gly668Asp'}",2.0,RFUS
final,gyrA,G668D,MXF,S,WHO-UCN-GTB-PCI-2023.5,"{'Observed_samples': {'Present_SOLO_SR': 20, 'Present_SOLO_R': 5, 'Present_SOLO_S': 15}, 'Additional grading criteria applied': None, 'FINAL CONFIDENCE GRADING': '5) Not assoc w R', 'INITIAL CONFIDENCE GRADING': '5) Not assoc w R', 'WHO HGVS': 'gyrA_p.Gly668Asp'}",2.0,RFUS
final,gyrA,S95T,LEV,S,WHO-UCN-GTB-PCI-2023.5,"{'Observed_samples': {'Present_SOLO_SR': 23, 'Present_SOLO_R': 1, 'Present_SOLO_S': 22}, 'Additional grading criteria applied': None, 'FINAL CONFIDENCE GRADING': '5) Not assoc w R', 'INITIAL CONFIDENCE GRADING': '5) Not assoc w R', 'WHO HGVS': 'gyrA_p.Ser95Thr'}",2.0,RFUS
final,gyrA,S95T,MXF,S,WHO-UCN-GTB-PCI-2023.5,"{'Observed_samples': {'Present_SOLO_SR': 17, 'Present_SOLO_R': 0, 'Present_SOLO_S': 17}, 'Additional grading criteria applied': None, 'FINAL CONFIDENCE GRADING': '5) Not assoc w R', 'INITIAL CONFIDENCE GRADING': '5) Not assoc w R', 'WHO HGVS': 'gyrA_p.Ser95Thr'}",2.0,RFUS
final,katG,R463L,INH,S,WHO-UCN-GTB-PCI-2023.5,"{'Observed_samples': {'Present_SOLO_SR': 7356, 'Present_SOLO_R': 327, 'Present_SOLO_S': 7029}, 'Additional grading criteria applied': None, 'FINAL CONFIDENCE GRADING': '5) Not assoc w R', 'INITIAL CONFIDENCE GRADING': '5) Not assoc w R', 'WHO HGVS': 'katG_p.Arg463Leu'}",2.0,RFUS
final,katG,S315T,INH,R,WHO-UCN-GTB-PCI-2023.5,"{'Observed_samples': {'Present_SOLO_SR': 11349, 'Present_SOLO_R': 11153, 'Present_SOLO_S': 196}, 'Additional grading criteria applied': None, 'FINAL CONFIDENCE GRADING': '1) Assoc w R', 'INITIAL CONFIDENCE GRADING': '1) Assoc w R', 'WHO HGVS': 'katG_p.Ser315Thr'}",2.0,RFUS
final,mmpL5,I948V,BDQ,S,WHO-UCN-GTB-PCI-2023.5,"{'Observed_samples': {'Present_SOLO_SR': 5468, 'Present_SOLO_R': 55, 'Present_SOLO_S': 5413}, 'Additional grading criteria applied': 'Literature evidence (PMID 28031270; 34503982)', 'FINAL CONFIDENCE GRADING': '4) Not assoc w R - Interim', 'INITIAL CONFIDENCE GRADING': '5) Not assoc w R', 'WHO HGVS': 'mmpL5_p.Ile948Val'}",2.0,RFUS
final,mmpL5,I948V,CFZ,S,WHO-UCN-GTB-PCI-2023.5,"{'Observed_samples': {'Present_SOLO_SR': 50, 'Present_SOLO_R': 1, 'Present_SOLO_S': 49}, 'Additional grading criteria applied': None, 'FINAL CONFIDENCE GRADING': '5) Not assoc w R', 'INITIAL CONFIDENCE GRADING': '5) Not assoc w R', 'WHO HGVS': 'mmpL5_p.Ile948Val'}",2.0,RFUS
final,mmpL5,L221L,BDQ,S,WHO-UCN-GTB-PCI-2023.5,{'reporting_rule': 'True'},2.0,RFUS
final,mmpL5,L221L,CFZ,S,WHO-UCN-GTB-PCI-2023.5,{'reporting_rule': 'True'},2.0,RFUS
final,mmpL5,T794I,BDQ,S,WHO-UCN-GTB-PCI-2023.5,"{'Observed_samples': {'Present_SOLO_SR': 4, 'Present_SOLO_R': 0, 'Present_SOLO_S': 4}, 'Additional grading criteria applied': 'Literature evidence (PMID 28031270; 34503982)', 'FINAL CONFIDENCE GRADING': '4) Not assoc w R - Interim', 'INITIAL CONFIDENCE GRADING': '5) Not assoc w R', 'WHO HGVS': 'mmpL5_p.Thr794Ile'}",2.0,RFUS
final,mmpL5,T794I,CFZ,S,WHO-UCN-GTB-PCI-2023.5,"{'Observed_samples': {'Present_SOLO_SR': 0, 'Present_SOLO_R': 0, 'Present_SOLO_S': 0}, 'Additional grading criteria applied': None, 'FINAL CONFIDENCE GRADING': '5) Not assoc w R', 'INITIAL CONFIDENCE GRADING': '5) Not assoc w R', 'WHO HGVS': 'mmpL5_p.Thr794Ile'}",2.0,RFUS
final,pepQ,R7Q,BDQ,U,WHO-UCN-GTB-PCI-2023.5,{'reporting_rule': 'True'},2.0,RFUS
final,pepQ,R7Q,CFZ,U,WHO-UCN-GTB-PCI-2023.5,"{'Observed_samples': {'Present_SOLO_SR': 10, 'Present_SOLO_R': 1, 'Present_SOLO_S': 9}, 'Additional grading criteria applied': None, 'FINAL CONFIDENCE GRADING': '3) Uncertain significance', 'INITIAL CONFIDENCE GRADING': '3) Uncertain significance', 'WHO HGVS': 'pepQ_p.Arg7Gln'}",2.0,RFUS
final,pncA,S65S,PZA,S,WHO-UCN-GTB-PCI-2023.5,{'reporting_rule': 'True'},2.0,RFUS
final,rpoB,A1075A,RIF,S,WHO-UCN-GTB-PCI-2023.5,{'reporting_rule': 'True'},2.0,RFUS
final,rpoB,G876G,RIF,S,WHO-UCN-GTB-PCI-2023.5,{'reporting_rule': 'True'},2.0,RFUS
final,rpoB,c-61t,RIF,S,WHO-UCN-GTB-PCI-2023.5,"{'Observed_samples': {'Present_SOLO_SR': 3838, 'Present_SOLO_R': 61, 'Present_SOLO_S': 3777}, 'Additional grading criteria applied': None, 'FINAL CONFIDENCE GRADING': '5) Not assoc w R', 'INITIAL CONFIDENCE GRADING': '5) Not assoc w R', 'WHO HGVS': 'rpoB_c.-61C>T'}",2.0,RFUS
final,rrs,c517t,AMI,S,WHO-UCN-GTB-PCI-2023.5,"{'Observed_samples': {'Present_SOLO_SR': 220, 'Present_SOLO_R': 5, 'Present_SOLO_S': 215}, 'Additional grading criteria applied': None, 'FINAL CONFIDENCE GRADING': '5) Not assoc w R', 'INITIAL CONFIDENCE GRADING': '5) Not assoc w R', 'WHO HGVS': 'rrs_n.517C>T'}",2.0,RFUS
final,rrs,c517t,CAP,S,WHO-UCN-GTB-PCI-2023.5,"{'Observed_samples': {'Present_SOLO_SR': 453, 'Present_SOLO_R': 17, 'Present_SOLO_S': 436}, 'Additional grading criteria applied': None, 'FINAL CONFIDENCE GRADING': '5) Not assoc w R', 'INITIAL CONFIDENCE GRADING': '5) Not assoc w R', 'WHO HGVS': 'rrs_n.517C>T'}",2.0,RFUS
final,rrs,c517t,KAN,U,WHO-UCN-GTB-PCI-2023.5,{'reporting_rule': 'True'},2.0,RFUS
final,rrs,c517t,STM,R,WHO-UCN-GTB-PCI-2023.5,"{'Observed_samples': {'Present_SOLO_SR': 518, 'Present_SOLO_R': 468, 'Present_SOLO_S': 50}, 'Additional grading criteria applied': None, 'FINAL CONFIDENCE GRADING': '1) Assoc w R', 'INITIAL CONFIDENCE GRADING': '1) Assoc w R', 'WHO HGVS': 'rrs_n.517C>T'}",2.0,RFUS
final,tlyA,L11L,CAP,S,WHO-UCN-GTB-PCI-2023.5,{'reporting_rule': 'True'},2.0,RFUS
